"","Df","Pillai","approx F","num Df","den Df","Pr(>F)"
"group",1,0.0774934181125147,19.8807350683293,3,710,2.20755042050501e-12
"category",3,0.257825841332359,22.3146535567277,9,2136,1.38835978691246e-36
"group:category",3,0.103317139317069,8.46506236405988,9,2136,1.5942911500248e-12
"Residuals",712,NA,NA,NA,NA,NA
